Modele,Score Moyen,Score Median,Score Min,Score Max,Matches > 0.5,Matches > 0.3
TF-IDF,0.23924041234457769,0.27330290899081916,0.0,1.0000000000000002,4235 (9.0%),20255 (42.9%)
SBERT,0.6038537621498108,0.5990279316902161,0.28599274158477783,0.9999997019767761,41282 (87.5%),47186 (100.0%)
