Modele,Score Moyen,Score Median,Score Min,Score Max,Matches > 0.5,Matches > 0.3
TF-IDF,0.049116274250620894,0.0,0.0,1.0,1562 (3.3%),3938 (8.3%)
SBERT,0.39212262630462646,0.38767388463020325,0.09334536641836166,0.9332028031349182,5756 (12.2%),39821 (84.4%)
